{
  "mode": "aggressive",
  "timestamp": "2026-01-06T13:10:00.963532",
  "total_samples": 4200,
  "route_counts": {
    "MINI": 2595,
    "STANDARD": 1387,
    "PREMIUM": 218
  },
  "route_pcts": {
    "MINI": 61.78571428571429,
    "STANDARD": 33.02380952380952,
    "PREMIUM": 5.190476190476191
  },
  "cost_savings_pct": 83.66666666666667,
  "avg_latency_ms": 0.8843825314279944,
  "total_time_sec": 3.740840114999969
}