{
  "mode": "balanced",
  "timestamp": "2026-01-06T13:10:00.910020",
  "total_samples": 4200,
  "route_counts": {
    "MINI": 1019,
    "STANDARD": 2873,
    "PREMIUM": 308
  },
  "route_pcts": {
    "MINI": 24.261904761904763,
    "STANDARD": 68.4047619047619,
    "PREMIUM": 7.333333333333333
  },
  "cost_savings_pct": 71.66,
  "avg_latency_ms": 0.8549116611905561,
  "total_time_sec": 3.616896698000005
}