{
  "mode": "conservative",
  "timestamp": "2026-01-06T13:10:00.858195",
  "total_samples": 4200,
  "route_counts": {
    "MINI": 0,
    "STANDARD": 3810,
    "PREMIUM": 390
  },
  "route_pcts": {
    "MINI": 0.0,
    "STANDARD": 90.71428571428571,
    "PREMIUM": 9.285714285714286
  },
  "cost_savings_pct": 63.5,
  "avg_latency_ms": 0.8406421564283273,
  "total_time_sec": 3.5557634200000052
}